[{"imdbId": "tt0111161", "imgUrl": "https://m.media-amazon.com/images/M/MV5BMDFkYTc0MGEtZmNhMC00ZDIzLWFmNTEtODM1ZmRlYWMwMWFmXkEyXkFqcGdeQXVyMTMxODk2OTU@._V1_.jpg", "title": "The Shawshank Redemption", "rating": 9.3, "totalRatedBy": 2278778, "year": 1994, "genres": ["Drama"], "isSeries": false, "start": null, "end": null, "epNum": null, "szNum": null, "country": ["US"], "cast": ["Tim Robbins", "Morgan Freeman", "Bob Gunton"], "plot": "Two imprisoned men bond over a number of years, finding solace and eventual redemption through acts of common decency.", "directors": ["Frank Darabont"], "writers": ["Frank Darabont"]}, {"imdbId": "tt0068646", "imgUrl": "https://m.media-amazon.com/images/M/MV5BM2MyNjYxNmUtYTAwNi00MTYxLWJmNWYtYzZlODY3ZTk3OTFlXkEyXkFqcGdeQXVyNzkwMjQ5NzM@._V1_.jpg", "title": "The Godfather", "rating": 9.2, "totalRatedBy": 1572646, "year": 1972, "genres": ["Crime", "Drama"], "isSeries": false, "start": null, "end": null, "epNum": null, "szNum": null, "country": ["US"], "cast": ["Marlon Brando", "Al Pacino", "James Caan"], "plot": "The aging patriarch of an organized crime dynasty transfers control of his clandestine empire to his reluctant son.", "directors": ["Francis Ford Coppola"], "writers": ["Francis Ford Coppola"]}, {"imdbId": "tt0071562", "imgUrl": "https://m.media-amazon.com/images/M/MV5BMWMwMGQzZTItY2JlNC00OWZiLWIyMDctNDk2ZDQ2YjRjMWQ0XkEyXkFqcGdeQXVyNzkwMjQ5NzM@._V1_.jpg", "title": "The Godfather: Part II", "rating": 9.0, "totalRatedBy": 1098692, "year": 1974, "genres": ["Crime", "Drama"], "isSeries": false, "start": null, "end": null, "epNum": null, "szNum": null, "country": ["US"], "cast": ["Al Pacino", "Robert De Niro", "Robert Duvall"], "plot": "The early life and career of Vito Corleone in 1920s New York City is portrayed, while his son, Michael, expands and tightens his grip on the family crime syndicate.", "directors": ["Francis Ford Coppola"], "writers": ["Francis Ford Coppola"]}, {"imdbId": "tt0468569", "imgUrl": "https://m.media-amazon.com/images/M/MV5BMTMxNTMwODM0NF5BMl5BanBnXkFtZTcwODAyMTk2Mw@@._V1_.jpg", "title": "The Dark Knight", "rating": 9.0, "totalRatedBy": 2241474, "year": 2008, "genres": ["Action", "Crime", "Drama", "Thriller"], "isSeries": false, "start": null, "end": null, "epNum": null, "szNum": null, "country": ["US", "GB"], "cast": ["Christian Bale", "Heath Ledger", "Aaron Eckhart"], "plot": "When the menace known as the Joker wreaks havoc and chaos on the people of Gotham, Batman must accept one of the greatest psychological and physical tests of his ability to fight injustice.", "directors": ["Christopher Nolan"], "writers": ["Christopher Nolan"]}, {"imdbId": "tt0050083", "imgUrl": "https://m.media-amazon.com/images/M/MV5BMWU4N2FjNzYtNTVkNC00NzQ0LTg0MjAtYTJlMjFhNGUxZDFmXkEyXkFqcGdeQXVyNjc1NTYyMjg@._V1_.jpg", "title": "12 Angry Men", "rating": 8.9, "totalRatedBy": 668471, "year": 1957, "genres": ["Crime", "Drama"], "isSeries": false, "start": null, "end": null, "epNum": null, "szNum": null, "country": ["US"], "cast": ["Henry Fonda", "Lee J. Cobb", "Martin Balsam"], "plot": "A jury holdout attempts to prevent a miscarriage of justice by forcing his colleagues to reconsider the evidence.", "directors": ["Sidney Lumet"], "writers": ["Sidney Lumet"]}, {"imdbId": "tt0108052", "imgUrl": "https://m.media-amazon.com/images/M/MV5BNDE4OTMxMTctNmRhYy00NWE2LTg3YzItYTk3M2UwOTU5Njg4XkEyXkFqcGdeQXVyNjU0OTQ0OTY@._V1_.jpg", "title": "Schindler's List", "rating": 8.9, "totalRatedBy": 1183207, "year": 1993, "genres": ["Biography", "Drama", "History"], "isSeries": false, "start": null, "end": null, "epNum": null, "szNum": null, "country": ["US"], "cast": ["Liam Neeson", "Ralph Fiennes", "Ben Kingsley"], "plot": "In German-occupied Poland during World War II, industrialist Oskar Schindler gradually becomes concerned for his Jewish workforce after witnessing their persecution by the Nazis.", "directors": ["Steven Spielberg"], "writers": ["Steven Spielberg"]}, {"imdbId": "tt0167260", "imgUrl": "https://m.media-amazon.com/images/M/MV5BNzA5ZDNlZWMtM2NhNS00NDJjLTk4NDItYTRmY2EwMWZlMTY3XkEyXkFqcGdeQXVyNzkwMjQ5NzM@._V1_.jpg", "title": "The Lord of the Rings: The Return of the King", "rating": 8.9, "totalRatedBy": 1604227, "year": 2003, "genres": ["Action", "Adventure", "Drama", "Fantasy"], "isSeries": false, "start": null, "end": null, "epNum": null, "szNum": null, "country": ["NZ", "US"], "cast": ["Elijah Wood", "Viggo Mortensen", "Ian McKellen"], "plot": "Gandalf and Aragorn lead the World of Men against Sauron's army to draw his gaze from Frodo and Sam as they approach Mount Doom with the One Ring.", "directors": ["Peter Jackson"], "writers": ["Peter Jackson"]}, {"imdbId": "tt0110912", "imgUrl": "https://m.media-amazon.com/images/M/MV5BNGNhMDIzZTUtNTBlZi00MTRlLWFjM2ItYzViMjE3YzI5MjljXkEyXkFqcGdeQXVyNzkwMjQ5NzM@._V1_.jpg", "title": "Pulp Fiction", "rating": 8.9, "totalRatedBy": 1780085, "year": 1994, "genres": ["Crime", "Drama"], "isSeries": false, "start": null, "end": null, "epNum": null, "szNum": null, "country": ["US"], "cast": ["John Travolta", "Uma Thurman", "Samuel L. Jackson"], "plot": "The lives of two mob hitmen, a boxer, a gangster and his wife, and a pair of diner bandits intertwine in four tales of violence and redemption.", "directors": ["Quentin Tarantino"], "writers": ["Quentin Tarantino"]}, {"imdbId": "tt0060196", "imgUrl": "https://m.media-amazon.com/images/M/MV5BOTQ5NDI3MTI4MF5BMl5BanBnXkFtZTgwNDQ4ODE5MDE@._V1_.jpg", "title": "Il buono, il brutto, il cattivo", "rating": 8.8, "totalRatedBy": 672489, "year": 1966, "genres": ["Western"], "isSeries": false, "start": null, "end": null, "epNum": null, "szNum": null, "country": ["IT", "ES", "XWG"], "cast": ["Clint Eastwood", "Eli Wallach", "Lee Van Cleef"], "plot": "A bounty hunting scam joins two men in an uneasy alliance against a third in a race to find a fortune in gold buried in a remote cemetery.", "directors": ["Sergio Leone"], "writers": ["Sergio Leone"]}, {"imdbId": "tt0120737", "imgUrl": "https://m.media-amazon.com/images/M/MV5BN2EyZjM3NzUtNWUzMi00MTgxLWI0NTctMzY4M2VlOTdjZWRiXkEyXkFqcGdeQXVyNDUzOTQ5MjY@._V1_.jpg", "title": "The Lord of the Rings: The Fellowship of the Ring", "rating": 8.8, "totalRatedBy": 1619865, "year": 2001, "genres": ["Action", "Adventure", "Drama", "Fantasy"], "isSeries": false, "start": null, "end": null, "epNum": null, "szNum": null, "country": ["NZ", "US"], "cast": ["Elijah Wood", "Ian McKellen", "Orlando Bloom"], "plot": "A meek Hobbit from the Shire and eight companions set out on a journey to destroy the powerful One Ring and save Middle-earth from the Dark Lord Sauron.", "directors": ["Peter Jackson"], "writers": ["Peter Jackson"]}, {"imdbId": "tt0137523", "imgUrl": "https://m.media-amazon.com/images/M/MV5BMmEzNTkxYjQtZTc0MC00YTVjLTg5ZTEtZWMwOWVlYzY0NWIwXkEyXkFqcGdeQXVyNzkwMjQ5NzM@._V1_.jpg", "title": "Fight Club", "rating": 8.8, "totalRatedBy": 1807365, "year": 1999, "genres": ["Drama"], "isSeries": false, "start": null, "end": null, "epNum": null, "szNum": null, "country": ["US", "DE"], "cast": ["Brad Pitt", "Edward Norton", "Meat Loaf"], "plot": "An insomniac office worker and a devil-may-care soapmaker form an underground fight club that evolves into something much, much more.", "directors": ["David Fincher"], "writers": ["David Fincher"]}, {"imdbId": "tt0109830", "imgUrl": "https://m.media-amazon.com/images/M/MV5BNWIwODRlZTUtY2U3ZS00Yzg1LWJhNzYtMmZiYmEyNmU1NjMzXkEyXkFqcGdeQXVyMTQxNzMzNDI@._V1_.jpg", "title": "Forrest Gump", "rating": 8.8, "totalRatedBy": 1755330, "year": 1994, "genres": ["Drama", "Romance"], "isSeries": false, "start": null, "end": null, "epNum": null, "szNum": null, "country": ["US"], "cast": ["Tom Hanks", "Robin Wright", "Gary Sinise"], "plot": "The presidencies of Kennedy and Johnson, the events of Vietnam, Watergate and other historical events unfold through the perspective of an Alabama man with an IQ of 75, whose only desire is to be reunited with his childhood sweetheart.", "directors": ["Robert Zemeckis"], "writers": ["Robert Zemeckis"]}, {"imdbId": "tt1375666", "imgUrl": "https://m.media-amazon.com/images/M/MV5BMjAxMzY3NjcxNF5BMl5BanBnXkFtZTcwNTI5OTM0Mw@@._V1_.jpg", "title": "Inception", "rating": 8.8, "totalRatedBy": 2002651, "year": 2010, "genres": ["Action", "Adventure", "Sci-Fi", "Thriller"], "isSeries": false, "start": null, "end": null, "epNum": null, "szNum": null, "country": ["US", "GB"], "cast": ["Leonardo DiCaprio", "Joseph Gordon-Levitt", "Ellen Page"], "plot": "A thief who steals corporate secrets through the use of dream-sharing technology is given the inverse task of planting an idea into the mind of a C.E.O.", "directors": ["Christopher Nolan"], "writers": ["Christopher Nolan"]}, {"imdbId": "tt0080684", "imgUrl": "https://m.media-amazon.com/images/M/MV5BYmU1NDRjNDgtMzhiMi00NjZmLTg5NGItZDNiZjU5NTU4OTE0XkEyXkFqcGdeQXVyNzkwMjQ5NzM@._V1_.jpg", "title": "Star Wars: Episode V - The Empire Strikes Back", "rating": 8.7, "totalRatedBy": 1132051, "year": 1980, "genres": ["Action", "Adventure", "Fantasy", "Sci-Fi"], "isSeries": false, "start": null, "end": null, "epNum": null, "szNum": null, "country": ["US"], "cast": ["Mark Hamill", "Harrison Ford", "Carrie Fisher"], "plot": "After the Rebels are brutally overpowered by the Empire on the ice planet Hoth, Luke Skywalker begins Jedi training with Yoda, while his friends are pursued by Darth Vader and a bounty hunter named Boba Fett all over the galaxy.", "directors": ["Irvin Kershner"], "writers": ["Irvin Kershner"]}, {"imdbId": "tt0167261", "imgUrl": "https://m.media-amazon.com/images/M/MV5BZGMxZTdjZmYtMmE2Ni00ZTdkLWI5NTgtNjlmMjBiNzU2MmI5XkEyXkFqcGdeQXVyNjU0OTQ0OTY@._V1_.jpg", "title": "The Lord of the Rings: The Two Towers", "rating": 8.7, "totalRatedBy": 1449729, "year": 2002, "genres": ["Action", "Adventure", "Drama", "Fantasy"], "isSeries": false, "start": null, "end": null, "epNum": null, "szNum": null, "country": ["NZ", "US"], "cast": ["Elijah Wood", "Ian McKellen", "Viggo Mortensen"], "plot": "While Frodo and Sam edge closer to Mordor with the help of the shifty Gollum, the divided fellowship makes a stand against Sauron's new ally, Saruman, and his hordes of Isengard.", "directors": ["Peter Jackson"], "writers": ["Peter Jackson"]}, {"imdbId": "tt0133093", "imgUrl": "https://m.media-amazon.com/images/M/MV5BNzQzOTk3OTAtNDQ0Zi00ZTVkLWI0MTEtMDllZjNkYzNjNTc4L2ltYWdlXkEyXkFqcGdeQXVyNjU0OTQ0OTY@._V1_.jpg", "title": "The Matrix", "rating": 8.7, "totalRatedBy": 1632232, "year": 1999, "genres": ["Action", "Sci-Fi"], "isSeries": false, "start": null, "end": null, "epNum": null, "szNum": null, "country": ["US"], "cast": ["Keanu Reeves", "Laurence Fishburne", "Carrie-Anne Moss"], "plot": "A computer hacker learns from mysterious rebels about the true nature of his reality and his role in the war against its controllers.", "directors": ["Lana Wachowski", "Lilly Wachowski"], "writers": ["Lana Wachowski", "Lilly Wachowski"]}, {"imdbId": "tt0099685", "imgUrl": "https://m.media-amazon.com/images/M/MV5BY2NkZjEzMDgtN2RjYy00YzM1LWI4ZmQtMjIwYjFjNmI3ZGEwXkEyXkFqcGdeQXVyNzkwMjQ5NzM@._V1_.jpg", "title": "Goodfellas", "rating": 8.7, "totalRatedBy": 991466, "year": 1990, "genres": ["Biography", "Crime", "Drama"], "isSeries": false, "start": null, "end": null, "epNum": null, "szNum": null, "country": ["US"], "cast": ["Robert De Niro", "Ray Liotta", "Joe Pesci"], "plot": "The story of Henry Hill and his life in the mob, covering his relationship with his wife Karen Hill and his mob partners Jimmy Conway and Tommy DeVito in the Italian-American crime syndicate.", "directors": ["Martin Scorsese"], "writers": ["Martin Scorsese"]}, {"imdbId": "tt0073486", "imgUrl": "https://m.media-amazon.com/images/M/MV5BZjA0OWVhOTAtYWQxNi00YzNhLWI4ZjYtNjFjZTEyYjJlNDVlL2ltYWdlL2ltYWdlXkEyXkFqcGdeQXVyMTQxNzMzNDI@._V1_.jpg", "title": "One Flew Over the Cuckoo's Nest", "rating": 8.7, "totalRatedBy": 891018, "year": 1975, "genres": ["Drama"], "isSeries": false, "start": null, "end": null, "epNum": null, "szNum": null, "country": ["US"], "cast": ["Jack Nicholson", "Louise Fletcher", "Will Sampson"], "plot": "A criminal pleads insanity and is admitted to a mental institution, where he rebels against the oppressive nurse and rallies up the scared patients.", "directors": ["Milos Forman"], "writers": ["Milos Forman"]}, {"imdbId": "tt0047478", "imgUrl": "https://m.media-amazon.com/images/M/MV5BOWE4ZDdhNmMtNzE5ZC00NzExLTlhNGMtY2ZhYjYzODEzODA1XkEyXkFqcGdeQXVyNTAyODkwOQ@@._V1_.jpg", "title": "Shichinin no samurai", "rating": 8.6, "totalRatedBy": 307955, "year": 1954, "genres": ["Action", "Adventure", "Drama"], "isSeries": false, "start": null, "end": null, "epNum": null, "szNum": null, "country": ["JP"], "cast": ["Toshir\u00f4 Mifune", "Takashi Shimura", "Keiko Tsushima"], "plot": "A poor village under attack by bandits recruits seven unemployed samurai to help them defend themselves.", "directors": ["Akira Kurosawa"], "writers": ["Akira Kurosawa"]}, {"imdbId": "tt0114369", "imgUrl": "https://m.media-amazon.com/images/M/MV5BOTUwODM5MTctZjczMi00OTk4LTg3NWUtNmVhMTAzNTNjYjcyXkEyXkFqcGdeQXVyNjU0OTQ0OTY@._V1_.jpg", "title": "Se7en", "rating": 8.6, "totalRatedBy": 1401885, "year": 1995, "genres": ["Crime", "Drama", "Mystery", "Thriller"], "isSeries": false, "start": null, "end": null, "epNum": null, "szNum": null, "country": ["US"], "cast": ["Morgan Freeman", "Brad Pitt", "Kevin Spacey"], "plot": "Two detectives, a rookie and a veteran, hunt a serial killer who uses the seven deadly sins as his motives.", "directors": ["David Fincher"], "writers": ["David Fincher"]}]